Start	Stop	Length	Consensus_score	Sequence
1	1011	1011	0.974	ATGGCAGTAAAAGTAGCAATTAATGGTTTTGGTAGAATTGGTCGTTTAGCATTCAGAAGAATTCAAGAAGTAGAAGGTCTTGAAGTTGTAGCAGTAAACGACTTAACAGATGACGACATGTTAGCGCATTTATTAAAATATGACACTATGCAAGGTCGTTTCACAGGTGAAGTAGAGGTAGTTGATGGTGGTTTCCGCGTAAATGGTAAAGAAGTTAAATCATTCAGTGAACCAGATGCAAGCAAATTACCTTGGAAAGACTTAAATATCGATGTAGTATTAGAATGTACTGGTTTCTACACTGATAAAGATAAAGCACAAGCTCATATTGAAGCAGGCGCTAAAAAAGTATTAATCTCAGCACCAGCTACTGGTGACTTAAAAACAATCGTATTCAACACTAACCACCAAGAGTTAGACGGTTCTGAAACAGTTGTTTCAGGTGCTTCATGTACTACAAACTCATTAGCACCAGTTGCTAAAGTTTTAAACGATGACTTTGGTTTAGTTGAAGGTTTAATGACTACAATTCACGCTTACACAGGTGATCAAAATACACAAGACGCACCTCACAGAAAAGGTGACAAACGTCGTGCTCGTGCAGCAGCAGAAAACATCATCCCTAACTCAACAGGTGCTGCTAAAGCTATCGGTAAAGTTATTCCTGAAATCGATGGTAAATTAGATGGTGGTGCACAACGTGTTCCTGTAGCTACAGGTTCATTAACTGAATTAACAGTAGTATTAGAAAAACAAGACGTAACAGTTGAACAAGTTAACGAAGCTATGAAAAATGCTTCAAACGAATCATTCGGTTACACTGAAGACGAAATCGTTTCTTCAGACGTTGTAGGTATGACTTACGGTTCATTATTCGACGCTACACAAACTCGTGTAATGTCAGTTGGCGACCGTCAATTAGTTAAAGTTGCAGCTTGGTATGATAACGAAATGTCATATACTGCACAATTAGTTCGTACATTAGCATACTTAGCTGAACTTTCTAAATAA
79	113	35	0.990	CTTGAAGTTGTAGCAGTAAACGACTTAACAGATGA
118	173	56	0.999	ATGTTAGCGCATTTATTAAAATATGACACTATGCAAGGTCGTTTCACAGGTGAAGT
175	266	92	0.999	GAGGTAGTTGATGGTGGTTTCCGCGTAAATGGTAAAGAAGTTAAATCATTCAGTGAACCAGATGCAAGCAAATTACCTTGGAAAGACTTAAA
280	317	38	1.000	TTAGAATGTACTGGTTTCTACACTGATAAAGATAAAGC
340	377	38	1.000	GCTAAAAAAGTATTAATCTCAGCACCAGCTACTGGTGA
379	401	23	0.999	TTAAAAACAATCGTATTCAACAC
421	485	65	0.999	GGTTCTGAAACAGTTGTTTCAGGTGCTTCATGTACTACAAACTCATTAGCACCAGTTGCTAAAGT
487	539	53	0.998	TTAAACGATGACTTTGGTTTAGTTGAAGGTTTAATGACTACAATTCACGCTTA
541	605	65	0.998	ACAGGTGATCAAAATACACAAGACGCACCTCACAGAAAAGGTGACAAACGTCGTGCTCGTGCAGC
607	629	23	1.000	GCAGAAAACATCATCCCTAACTC
673	752	80	0.999	GATGGTAAATTAGATGGTGGTGCACAACGTGTTCCTGTAGCTACAGGTTCATTAACTGAATTAACAGTAGTATTAGAAAA
802	848	47	1.000	AACGAATCATTCGGTTACACTGAAGACGAAATCGTTTCTTCAGACGT
853	875	23	1.000	GGTATGACTTACGGTTCATTATT
